Name;Type;RA;Dec;Const;MajAx;MinAx;PosAng;B-Mag;V-Mag;J-Mag;H-Mag;K-Mag;SurfBr;Hubble;Pax;Pm-RA;Pm-Dec;RadVel;Redshift;Cstar U-Mag;Cstar B-Mag;Cstar V-Mag;M;NGC;IC;Cstar Names;Identifiers;Common names
vdB 1;RfN;00:10:46.37;+58:46:10.3;Cas;;;;;8.60;;;;;;;;;;;;;;;;;;BD+57   22,HD 627;
vdB 2;RfN;00:13:24.20;+65:36:48.4;Cas;;;;;9.50;;;;;;;;;;;;;;;;;;BD+64   13;
vdB 3;RfN;00:34:37.37;+69:26:04.6;Cas;;;;;8.50;;;;;;;;;;;;;;;;;;BD+68   34,HD 3037;
vdB 4;RfN;00:43:18.26;+61:54:40.1;Cas;;;;;9.50;;;;;;;;;;;;;;;;;;BD+61  154;
vdB 5;RfN;00:56:42.53;+60:43:00.3;Cas;;;;;2.57;;;;;;;;;;;;;;;;;;BD+59  144,HD 5394;
vdB 6;RfN;01:43:43.36;+61:50:03.6;Cas;;;;;9.20;;;;;;;;;;;;;;;;;;BD+61  315;
vdB 7;RfN;02:48:55.51;+69:38:03.4;Cas;;;;;6.50;;;;;;;;;;;;;;;;;;BD+69  179,HD 17138;
vdB 8;RfN;02:51:32.77;+67:48:54.2;Cas;;;;;8.50;;;;;;;;;;;;;;;;;;BD+67  230,HD 17443;
vdB 9;RfN;02:51:58.75;+68:53:18.6;Cas;;;;;5.96;;;;;;;;;;;;;;;;;;BD+68  200,HD 17463;
vdB 10;RfN;03:15:47.97;+57:08:26.2;Per;;;;;6.00;;;;;;;;;;;;;;;;;;BD+56  798,HD 20041;
vdB 11;RfN;03:24:14.19;+61:32:18.9;Cam;;;;;8.37;;;;;;;;;;;;;;;;;;BD+61  570,HD 20798;
vdB 12;RfN;03:25:23.92;+31:43:52.0;Per;;;;;7.00;;;;;;;;;;;;;;;;;;BD+31  597,HD 21110;
vdB 13;RfN;03:25:50.10;+30:55:54.2;Ari;;;;;8.80;;;;;;;;;;;;;;;;;;BD+30  540;
vdB 14;RfN;03:29:04.13;+59:56:25.2;Cam;;;;;4.23;;;;;;;;;;;;;;;;;;BD+59  660,HD 21291;
vdB 15;RfN;03:29:54.74;+58:52:43.5;Cam;;;;;4.58;;;;;;;;;;;;;;;;;;BD+58  607,HD 21389;
vdB 16;RfN;03:28:20.90;+29:47:57.3;Ari;;;;;9.10;;;;;;;;;;;;;;;;;;BD+29  565;
vdB 17;RfN;03:29:19.78;+31:24:57.0;Per;;;;;9.50;;;;;;;;;;;;;;;;;;BD+30  549;
vdB 18;RfN;03:35:11.87;+38:00:54.6;Per;;;;;7.58;;;;;;;;;;;;;;;;;;BD+37  794,HD 22114;
vdB 19;RfN;03:44:34.19;+32:09:46.1;Per;;;;;8.53;;;;;;;;;;;;;;;;;;BD+31  643,HD 281159;
vdB 20;RfN;03:44:52.54;+24:06:48.0;Tau;;;;;3.71;;;;;;;;;;;;;;;;;;BD+23  507,HD 23302;
vdB 21;RfN;03:45:49.61;+24:22:03.9;Tau;;;;;3.88;;;;;;;;;;;;;;;;;;BD+23  516,HD 23408;
vdB 22;RfN;03:46:19.57;+23:56:54.1;Tau;;;;;4.18;;;;;;;;;;;;;;;;;;BD+23  522,HD 23480;
vdB 23;RfN;03:47:29.08;+24:06:18.5;Tau;;;;;2.87;;;;;;;;;;;;;;;;;;BD+23  541,HD 23630;
vdB 24;RfN;03:49:36.34;+38:58:55.5;Per;;;;;8.80;;;;;;;;;;;;;;;;;;BD+38  811,HD 275877;
vdB 25;RfN;04:12:25.00;+23:34:28.5;Tau;;;;;7.50;;;;;;;;;;;;;;;;;;BD+23  642,HD 26514;
vdB 26;RfN;04:13:34.57;+10:12:44.9;Tau;;;;;7.20;;;;;;;;;;;;;;;;;;BD+09  549,HD 26676;
vdB 27;RfN;04:21:57.41;+28:26:35.6;Tau;;;;;9.10;;;;;;;;;;;;;;;;;;BD+28  645,HD 283571;
vdB 28;RfN;04:21:59.43;+19:32:06.4;Tau;;;;;9.40;;;;;;;;;;;;;;;;;;BD+19  706,HD 284419;
vdB 29;RfN;04:48:22.74;+29:46:22.8;Tau;;;;;6.50;;;;;;;;;;;;;;;;;;BD+29  741,HD 30378;
vdB 30;RfN;04:54:03.01;+66:20:33.6;Cam;;;;;4.30;;;;;;;;;;;;;;;;;;BD+66  358,HD 30614;
vdB 31;RfN;04:55:45.85;+30:33:04.3;Aur;;;;;6.80;;;;;;;;;;;;;;;;;;BD+30  741,HD 31293;
vdB 32;RfN;05:02:21.71;+44:16:10.5;Aur;;;;;9.12;;;;;;;;;;;;;;;;;;BD+44 1080;
vdB 33;RfN;05:06:51.06;-03:19:59.9;Ori;;;;;10.12;;;;;;;;;;;;;;;;;;BD-03 1013,HD 293815;
vdB 34;RfN;05:16:18.15;+34:18:44.3;Aur;;;;;5.80;;;;;;;;;;;;;;;;;;BD+34  980,HD 34078;
vdB 35;RfN;05:14:59.44;+13:00:50.8;Ori;;;;;8.70;;;;;;;;;;;;;;;;;;BD+12  754,HD 34033;
vdB 36;RfN;05:14:32.27;-08:12:05.9;Ori;;;;;0.15;;;;;;;;;;;;;;;;;;BD-08 1063,HD 34085;
vdB 37;RfN;05:18:04.08;+13:25:03.9;Ori;;;;;8.20;;;;;;;;;;;;;;;;;;BD+13  852,HD 34454;
vdB 38;RfN;05:21:43.56;+08:25:42.8;Ori;;;;;5.77;;;;;;;;;;;;;;;;;;BD+08  933,HD 34989;
vdB 39;RfN;05:24:29.53;+32:49:08.7;Aur;;;;;9.50;;;;;;;;;;;;;;;;;;BD+32  970,HD 243202;
vdB 40;RfN;05:25:38.13;+06:35:17.5;Ori;;;;;9.00;;;;;;;;;;;;;;;;;;BD+06  921,HD 243588;
vdB 41;RfN;05:29:10.95;+23:41:39.9;Tau;;;;;9.30;;;;;;;;;;;;;;;;;;BD+23  921,HD 244068;
vdB 42;RfN;05:31:18.41;-05:42:13.5;Ori;;;;;9.46;;;;;;;;;;;;;;;;;;BD-05 1281,HD 36412;
vdB 43;RfN;05:32:07.40;+06:02:49.3;Ori;;;;;9.00;;;;;;;;;;;;;;;;;;BD+05  951,HD 36471;
vdB 44;RfN;05:32:14.83;-04:31:06.2;Ori;;;;;8.11;;;;;;;;;;;;;;;;;;BD-04 1162,HD 36540;
vdB 45;RfN;05:36:40.82;+31:51:16.2;Aur;;;;;9.50;;;;;;;;;;;;;;;;;;BD+31 1022,HD 245259;
vdB 46;RfN;05:36:25.43;-06:42:57.7;Ori;;;;;9.30;;;;;;;;;;;;;;;;;;BD-06 1253;
vdB 47;RfN;05:39:14.83;+23:19:24.1;Tau;;;;;7.80;;;;;;;;;;;;;;;;;;BD+23  982,HD 37387;
vdB 48;RfN;05:38:06.51;-00:11:03.5;Ori;;;;;7.46;;;;;;;;;;;;;;;;;;BD-00 1034,HD 37370;
vdB 49;RfN;05:39:11.15;+04:07:17.3;Ori;;;;;4.50;;;;;;;;;;;;;;;;;;BD+04 1002,HD 37490;
vdB 50;RfN;05:40:13.54;-01:27:45.2;Ori;;;;;7.67;;;;;;;;;;;;;;;;;;BD-01 1001,HD 37674;
vdB 51;RfN;05:40:56.37;-01:30:25.9;Ori;;;;;6.98;;;;;;;;;;;;;;;;;;BD-01 1005,HD 37776;
vdB 52;RfN;05:41:38.39;-02:15:32.5;Ori;;;;;7.82;;;;;;;;;;;;;;;;;;BD-02 1345,HD 37903;
vdB 53;RfN;05:41:25.90;-10:18:42.0;Ori;;;;;9.50;;;;;;;;;;;;;;;;;;BD-10 1261;
vdB 54;RfN;05:41:48.00;-06:15:00.0;Ori;;;;;9.50;;;;;;;;;;;;;;;;;;BD-06 1287;
vdB 55;RfN;05:42:21.30;-08:08:00.2;Ori;;;;;8.70;;;;;;;;;;;;;;;;;;BD-08 1199,HD 38023;
vdB 56;RfN;05:43:43.35;+16:21:30.6;Tau;;;;;9.00;;;;;;;;;;;;;;;;;;BD+16  852,HD 38065;
vdB 57;RfN;05:43:00.58;-02:18:45.4;Ori;;;;;8.30;;;;;;;;;;;;;;;;;;BD-02 1350,HD 38087;
vdB 58;RfN;05:44:26.77;-08:42:38.0;Ori;;;;;9.50;;;;;;;;;;;;;;;;;;BD-08 1208;
vdB 59;RfN;05:46:44.66;+00:05:22.8;Ori;;;;;10.49;;;;;;;;;;;;;;;;;;BD+00 1177,HD 38563;
vdB 60;RfN;05:47:07.91;+00:17:56.2;Ori;;;;;9.50;;;;;;;;;;;;;;;;;;BD+00 1181,HD 290861;
vdB 61;RfN;05:52:37.14;+05:09:52.5;Ori;;;;;8.60;;;;;;;;;;;;;;;;;;BD+05 1035,HD 39398;
vdB 62;RfN;05:54:02.99;+01:40:21.8;Ori;;;;;9.50;;;;;;;;;;;;;;;;;;BD+01 1156,HD 288313;
vdB 63;RfN;05:56:17.50;+01:51:53.0;Ori;;;;;9.20;;;;;;;;;;;;;;;;;;BD+01 1163,HD 288309;
vdB 64;RfN;05:57:54.09;-14:03:40.1;Lep;;;;;10.00;;;;;;;;;;;;;;;;;;BD-14 1294;
vdB 65;RfN;06:04:30.00;+30:31:00.0;Aur;;;;;9.50;;;;;;;;;;;;;;;;;;BD+30 1096;
vdB 66;RfN;06:03:05.35;-09:42:59.6;Mon;;;;;9.30;;;;;;;;;;;;;;;;;;BD-09 1310;
vdB 67;RfN;06:07:31.84;-06:23:57.7;Mon;;;;;9.50;;;;;;;;;;;;;;;;;;BD-06 1415;
vdB 68;RfN;06:08:03.85;-06:13:37.5;Mon;;;;;9.00;;;;;;;;;;;;;;;;;;BD-06 1417,HD 42004;
vdB 69;RfN;06:08:05.18;-06:21:40.5;Mon;;;;;9.00;;;;;;;;;;;;;;;;;;BD-06 1418;
vdB 70;RfN;06:08:26.28;-05:20:22.5;Mon;;;;;8.50;;;;;;;;;;;;;;;;;;BD-05 1515,HD 42050;
vdB 71;RfN;06:10:01.66;+14:04:30.6;Ori;;;;;9.00;;;;;;;;;;;;;;;;;;BD+14 1171,HD 252680;
vdB 72;RfN;06:09:31.25;-06:19:32.8;Mon;;;;;9.00;;;;;;;;;;;;;;;;;;BD-06 1431,HD 42261;
vdB 73;RfN;06:11:06.15;-06:12:38.8;Mon;;;;;;;;;;;;;;;;;;;;;;;BD-06 1440;
vdB 74;RfN;06:11:48.80;-06:09:27.7;Mon;;;;;9.70;;;;;;;;;;;;;;;;;;BD-06 1444;
vdB 75;RfN;06:19:22.52;+23:16:28.2;Gem;;;;;7.50;;;;;;;;;;;;;;;;;;BD+23 1301,HD 43836;
vdB 76;RfN;06:30:47.06;+10:03:46.4;Mon;;;;;9.30;;;;;;;;;;;;;;;;;;BD+10 1158,HD 258686;
vdB 77;RfN;06:30:57.91;+09:48:34.6;Mon;;;;;9.50;;;;;;;;;;;;;;;;;;BD+09 1266,HD 258749;
vdB 78;RfN;06:31:14.87;+09:47:25.0;Mon;;;;;8.80;;;;;;;;;;;;;;;;;;BD+09 1269,HD 258853;
vdB 79;RfN;06:31:43.32;+10:20:20.9;Mon;;;;;9.40;;;;;;;;;;;;;;;;;;BD+10 1163,HD 258973;
vdB 80;RfN;06:30:49.81;-09:39:14.8;Mon;;;;;8.60;;;;;;;;;;;;;;;;;;BD-09 1498,HD 46060;
vdB 81;RfN;06:32:54.23;+07:19:58.7;Mon;;;;;4.48;;;;;;;;;;;;;;;;;;BD+07 1337,HD 46300;
vdB 82;RfN;06:33:05.19;+10:19:20.0;Mon;;;;;8.74;;;;;;;;;;;;;;;;;;BD+10 1172,HD 259431;
vdB 83;RfN;06:39:42.00;-27:15:00.0;CMa;;;;;9.50;;;;;;;;;;;;;;;;;;CD-27 3174;
vdB 84;RfN;06:40:04.77;-27:23:53.6;CMa;;;;;;;;;;;;;;;;;;;;;;;CP-27 1408;
vdB 85;RfN;06:46:51.64;+01:18:56.9;Mon;;;;;9.30;;;;;;;;;;;;;;;;;;BD+01 1503,HD 289120;
vdB 86;RfN;06:57:07.93;-10:16:47.5;Mon;;;;;8.20;;;;;;;;;;;;;;;;;;BD-10 1773,HD 51479;
vdB 87;RfN;07:00:28.61;-08:51:57.7;Mon;;;;;8.80;;;;;;;;;;;;;;;;;;BD-08 1664,HD 52329;
vdB 88;RfN;07:01:49.51;-11:18:03.3;CMa;;;;;7.20;;;;;;;;;;;;;;;;;;BD-11 1747,HD 52721;
vdB 89;RfN;07:02:38.64;-12:14:01.6;CMa;;;;;9.50;;;;;;;;;;;;;;;;;;BD-12 1748;
vdB 90;RfN;07:02:42.61;-11:27:11.6;CMa;;;;;8.70;;;;;;;;;;;;;;;;;;BD-11 1755,HD 52942;
vdB 91;RfN;07:03:24.56;-10:42:16.3;Mon;;;;;9.40;;;;;;;;;;;;;;;;;;BD-10 1839;
vdB 92;RfN;07:03:54.86;-11:34:34.1;CMa;;;;;9.20;;;;;;;;;;;;;;;;;;BD-11 1763;
vdB 93;RfN;07:04:25.52;-10:27:15.6;Mon;;;;;6.97;;;;;;;;;;;;;;;;;;BD-10 1848,HD 53367;
vdB 94;RfN;07:05:16.75;-12:19:34.5;CMa;;;;;8.50;;;;;;;;;;;;;;;;;;BD-12 1771,HD 53623;
vdB 95;RfN;07:06:40.77;-11:17:38.4;CMa;;;;;5.38;;;;;;;;;;;;;;;;;;BD-11 1790,HD 53974;
vdB 96;RfN;07:19:37.49;-24:01:27.7;CMa;;;;;9.20;;;;;;;;;;;;;;;;;;CD-23 5277,HD 57281;
vdB 97;RfN;07:32:30.00;-16:54:-0.0;Pup;;;;;9.90;;;;;;;;;;;;;;;;;;BD-16 2003;
vdB 98;RfN;07:36:31.82;-25:19:58.0;Pup;;;;;7.30;;;;;;;;;;;;;;;;;;CD-25 4775,HD 61071;
vdB 99;RfN;15:58:51.11;-26:06:50.8;Sco;;;;;2.89;;;;;;;;;;;;;;;;;;CD-2511228,HD 143018;
vdB 100;RfN;16:11:59.74;-19:27:38.5;Sco;;;;;4.03;;;;;;;;;;;;;;;;;;BD-19 4333,HD 145502;
vdB 101;RfN;16:19:07.72;-20:13:05.0;Sco;;;;;6.37;;;;;;;;;;;;;;;;;;BD-19 4357,HD 146834;
vdB 102;RfN;16:20:03.98;-20:02:41.5;Sco;;;;;8.08;;;;;;;;;;;;;;;;;;BD-19 4358,HD 147009;
vdB 103;RfN;16:20:30.27;-20:07:03.8;Sco;;;;;7.30;;;;;;;;;;;;;;;;;;BD-19 4361,HD 147103;
vdB 104;RfN;16:21:11.32;-25:35:34.1;Sco;;;;;2.89;;;;;;;;;;;;;;;;;;CD-2511485,HD 147165;
vdB 105;RfN;16:25:24.32;-24:27:56.6;Oph;;;;;7.89;;;;;;;;;;;;;;;;;;CD-2412684,HD 147889;
vdB 106;RfN;16:25:35.12;-23:26:49.8;Oph;;;;;4.61;;;;;;;;;;;;;;;;;;CD-2312861,HD 147933;
vdB 107;RfN;16:29:24.46;-26:25:55.2;Sco;;;;;0.92;;;;;;;;;;;;;;;;;;CD-2611359,HD 148478;
vdB 108;RfN;16:30:12.48;-25:06:54.8;Sco;;;;;4.78;;;;;;;;;;;;;;;;;;CD-2412695,HD 148605;
vdB 109;RfN;16:41:34.38;-17:44:31.8;Oph;;;;;5.30;;;;;;;;;;;;;;;;;;BD-17 4618,HD 150416;
vdB 110;RfN;17:16:06.49;-21:01:58.3;Oph;;;;;9.40;;;;;;;;;;;;;;;;;;BD-20 4696;
vdB 111;RfN;17:18:52.79;+06:05:07.6;Oph;;;;;6.49;;;;;;;;;;;;;;;;;;BD+06 3386,HD 156697;
vdB 112;RfN;17:53:31.26;-05:37:09.8;Oph;;;;;9.60;;;;;;;;;;;;;;;;;;BD-05 4524;
vdB 113;RfN;18:08:38.59;-21:26:58.4;Sgr;;;;;6.80;;;;;;;;;;;;;;;;;;BD-21 4866,HD 165784;
vdB 114;RfN;18:08:30.00;-18:23:-0.0;Sgr;;;;;9.10;;;;;;;;;;;;;;;;;;BD-18 4800,HD 165811;
vdB 115;RfN;18:09:08.40;-23:26:07.3;Sgr;;;;;9.30;;;;;;;;;;;;;;;;;;CD-2313974,HD 165872;
vdB 116;RfN;18:10:38.84;-17:44:02.2;Sgr;;;;;9.50;;;;;;;;;;;;;;;;;;BD-17 5049,HD 166288;
vdB 117;RfN;18:14:37.98;-17:21:46.6;Sgr;;;;;9.10;;;;;;;;;;;;;;;;;;BD-17 5080,HD 167143;
vdB 118;RfN;18:16:52.46;-19:46:40.1;Sgr;;;;;9.40;;;;;;;;;;;;;;;;;;BD-19 4940,HD 167638;
vdB 119;RfN;18:17:05.83;-19:51:52.8;Sgr;;;;;9.40;;;;;;;;;;;;;;;;;;BD-19 4946,HD 313095;
vdB 120;RfN;18:17:16.77;-16:55:43.1;Sgr;;;;;8.80;;;;;;;;;;;;;;;;;;BD-16 4790,HD 167746;
vdB 121;RfN;18:20:15.94;-17:00:15.1;Sgr;;;;;9.43;;;;;;;;;;;;;;;;;;BD-17 5141,HD 168418;
vdB 122;RfN;18:24:33.50;-13:39:12.8;Sct;;;;;9.30;;;;;;;;;;;;;;;;;;BD-13 4965;
vdB 123;RfN;18:30:24.88;+01:13:23.6;Ser;;;;;9.10;;;;;;;;;;;;;;;;;;BD+01 3694,HD 170634;
vdB 124;RfN;18:31:25.69;-10:47:45.0;Sct;;;;;5.50;;;;;;;;;;;;;;;;;;BD-10 4713,HD 170740;
vdB 125;RfN;19:26:00.88;+15:33:24.7;Aql;;;;;8.00;;;;;;;;;;;;;;;;;;BD+15 3811,HD 182830;
vdB 126;RfN;19:26:11.32;+22:45:26.3;Vul;;;;;8.30;;;;;;;;;;;;;;;;;;BD+22 3693,HD 182918;
vdB 127;RfN;19:47:23.27;+18:32:03.5;Sge;;;;;3.82;;;;;;;;;;;;;;;;;;BD+18 4240,HD 187076;
vdB 128;RfN;20:04:36.17;+32:13:07.0;Cyg;;;;;5.63;;;;;;;;;;;;;;;;;;BD+31 3925,HD 190603;
vdB 129;RfN;20:11:18.29;-00:49:17.3;Aql;;;;;3.24;;;;;;;;;;;;;;;;;;BD-01 3911,HD 191692;
vdB 130;RfN;20:17:42.19;+39:20:58.4;Cyg;;;;;9.50;;;;;;;;;;;;;;;;;;BD+38 3993,HD 228789;
vdB 131;RfN;20:24:15.72;+42:18:01.4;Cyg;;;;;9.10;;;;;;;;;;;;;;;;;;BD+41 3731;
vdB 132;RfN;20:24:46.63;+42:23:05.3;Cyg;;;;;8.70;;;;;;;;;;;;;;;;;;BD+41 3737;
vdB 133;RfN;20:30:59.23;+36:56:09.0;Cyg;;;;;6.19;;;;;;;;;;;;;;;;;;BD+36 4105,HD 195593;
vdB 134;RfN;20:30:03.54;+48:57:05.6;Cyg;;;;;4.95;;;;;;;;;;;;;;;;;;BD+48 3142,HD 195556;
vdB 135;RfN;20:36:45.59;+32:27:16.6;Cyg;;;;;8.60;;;;;;;;;;;;;;;;;;BD+31 4152;
vdB 136;RfN;20:38:17.17;+42:04:25.3;Cyg;;;;;7.80;;;;;;;;;;;;;;;;;;BD+41 3836,HD 196819;
vdB 137;RfN;20:55:49.80;+47:25:03.6;Cyg;;;;;5.69;;;;;;;;;;;;;;;;;;BD+46 3111,HD 199478;
vdB 138;RfN;20:57:16.58;+48:17:44.8;Cyg;;;;;8.28;;;;;;;;;;;;;;;;;;BD+47 3237,HD 199714;
vdB 139;RfN;21:01:36.92;+68:09:47.8;Cep;;;;;6.80;;;;;;;;;;;;;;;;;;BD+67 1283,HD 200775;
vdB 140;RfN;21:17:18.79;+58:36:41.3;Cep;;;;;6.41;;;;;;;;;;;;;;;;;;BD+57 2309,HD 203025;
vdB 141;RfN;21:16:26.33;+68:15:36.6;Cep;;;;;9.40;;;;;;;;;;;;;;;;;;BD+67 1300;Ghost Nebula
vdB 142;RfN;21:36:41.04;+57:30:08.3;Cep;;;;;8.80;;;;;;;;;;;;;;;;;;BD+56 2604,HD 239710;
vdB 143;RfN;21:36:57.05;+68:11:07.3;Cep;;;;;8.30;;;;;;;;;;;;;;;;;;BD+67 1332,HD 206135;
vdB 144;RfN;21:40:43.31;+54:52:19.8;Cyg;;;;;6.00;;;;;;;;;;;;;;;;;;BD+54 2595,HD 206509;
vdB 145;RfN;21:43:37.17;+48:53:01.5;Cyg;;;;;7.40;;;;;;;;;;;;;;;;;;BD+48 3485,HD 206887;
vdB 146;RfN;21:42:50.18;+66:06:35.2;Cep;;;;;9.40;;;;;;;;;;;;;;;;;;BD+65 1637;
vdB 147;RfN;21:52:34.10;+47:13:43.6;Cyg;;;;;9.50;;;;;;;;;;;;;;;;;;BD+46 3471;
vdB 148;RfN;22:07:17.00;+56:14:02.5;Cep;;;;;8.70;;;;;;;;;;;;;;;;;;BD+55 2682,HD 239856;
vdB 149;RfN;22:09:08.49;+72:53:05.0;Cep;;;;;9.10;;;;;;;;;;;;;;;;;;BD+72 1018;
vdB 150;RfN;22:09:40.13;+73:23:27.2;Cep;;;;;8.40;;;;;;;;;;;;;;;;;;BD+72 1020,HD 210806;
vdB 151;RfN;22:13:52.73;+39:42:53.7;Lac;;;;;4.49;;;;;;;;;;;;;;;;;;BD+38 4711,HD 211073;
vdB 152;RfN;22:13:24.53;+70:15:05.1;Cep;;;;;8.80;;;;;;;;;;;;;;;;;;BD+69 1231;
vdB 153;RfN;22:23:12.26;+62:41:59.9;Cep;;;;;9.40;;;;;;;;;;;;;;;;;;BD+61 2292;
vdB 154;RfN;22:31:13.58;+65:27:58.5;Cep;;;;;8.90;;;;;;;;;;;;;;;;;;BD+64 1677;
vdB 155;RfN;22:53:15.60;+62:08:45.0;Cep;;;;;9.29;;;;;;;;;;;;;;;;;;BD+61 2361,HD 216629;
vdB 156;RfN;23:01:55.26;+42:19:33.5;And;;;;;3.62;;;;;;;;;;;;;;;;;;BD+41 4664,HD 217675;
vdB 157;RfN;23:02:15.73;+72:43:49.4;Cep;;;;;7.80;;;;;;;;;;;;;;;;;;BD+71 1181,HD 217903;
vdB 158;RfN;23:37:51.60;+48:29:47.6;And;;;;;9.00;;;;;;;;;;;;;;;;;;BD+47 4220,HD 222142;
